trained_episodes,epsilon,mean,std,min,max,p25,p50,p75,success_rate,mean_steps
0,1.0,-99.89999999999856,4.263256414560601e-14,-99.8999999999986,-99.8999999999986,-99.8999999999986,-99.8999999999986,-99.8999999999986,0.0,999.0
1000,0.606454822840097,17.540000000000006,36.21631400349849,0.0,93.10000000000001,0.0,0.0,0.0,0.19,866.1
2000,0.3677874521460121,91.53900000000002,1.0146817234975667,89.00000000000003,93.5,90.90000000000002,91.25000000000001,92.525,1.0,143.82
3000,0.22304647413401948,92.03900000000002,0.7293689052873024,90.50000000000003,93.10000000000001,91.50000000000001,92.30000000000001,92.60000000000002,1.0,111.06
4000,0.13526760995605422,93.15000000000002,0.6274551776820373,92.4,94.4,92.60000000000001,92.85000000000001,93.80000000000001,1.0,109.26
5000,0.0820336944319021,89.20300000000002,0.5586510538788926,88.10000000000002,90.60000000000002,88.70000000000002,89.30000000000003,89.60000000000002,1.0,192.26
6000,0.05,93.65,0.6584071688552577,92.10000000000002,94.50000000000001,93.00000000000001,93.9,94.10000000000001,1.0,98.29
7000,0.05,93.93400000000001,0.6929963924870007,92.4,94.8,93.4,94.2,94.5,1.0,97.58
8000,0.05,92.46700000000001,19.34310241403882,-99.8999999999986,95.2,94.10000000000001,94.60000000000001,94.8,0.99,106.07
9000,0.05,92.53200000000001,19.34882880176458,-99.8999999999986,95.3,93.9,94.60000000000001,94.9,0.99,105.69
10000,0.05,91.82700000000003,19.287005236687076,-99.8999999999986,94.8,93.00000000000001,94.2,94.32500000000002,0.99,107.96
