trained_episodes,epsilon,mean,std,min,max,p25,p50,p75,success_rate,mean_steps
0,1.0,-99.89999999999856,4.263256414560601e-14,-99.8999999999986,-99.8999999999986,-99.8999999999986,-99.8999999999986,-99.8999999999986,0.0,999.0
1000,0.818714376443117,-49.14700000000042,1.3041821191842988,-52.20000000000047,-44.90000000000037,-49.80000000000044,-49.30000000000043,-48.50000000000042,0.0,999.0
2000,0.6702932301946417,81.57100000000008,42.24676625494518,-99.8999999999986,93.70000000000002,91.80000000000001,92.00000000000001,92.30000000000001,0.95,174.67
3000,0.5487787039928497,92.53600000000002,0.532826425771093,92.00000000000001,93.70000000000002,92.10000000000002,92.30000000000001,92.75000000000001,1.0,111.3
4000,0.4492930144447668,93.70399999999998,0.3799789467852132,93.00000000000001,94.60000000000001,93.4,93.70000000000002,94.0,1.0,144.22
5000,0.3678426501613962,94.581,0.2326778889366144,93.80000000000001,95.0,94.5,94.60000000000001,94.7,1.0,95.85
6000,0.301158065956071,93.61400000000002,0.309845122601598,93.00000000000001,94.30000000000001,93.30000000000001,93.70000000000002,93.80000000000001,1.0,101.21
7000,0.24656243818003906,93.72200000000001,0.22872691140309742,93.10000000000001,94.10000000000001,93.60000000000001,93.80000000000001,93.9,1.0,142.56
8000,0.20186421282886519,93.05799999999999,0.7452757878798931,91.20000000000002,94.10000000000001,92.60000000000002,92.90000000000002,93.80000000000001,1.0,105.54
9000,0.165269133132365,91.52200000000002,0.6183170707654746,90.50000000000003,93.80000000000001,90.90000000000002,91.70000000000002,91.90000000000002,1.0,160.24
10000,0.13530821527775866,92.41700000000003,19.334011766831903,-99.8999999999986,95.0,94.10000000000001,94.4,94.625,0.99,106.65
